<application>
  <component name="LocalDatabaseDriverManager" version="163">
    <driver id="db2">
      <artifact name="DB2" use="true" />
      <option name="auto-sync" value="false" />
    </driver>
    <driver id="db2.jtopen">
      <artifact name="JTOpen (DB2 iSeries)" use="true" />
      <option name="auto-sync" value="false" />
    </driver>
    <driver id="derby.embedded">
      <artifact name="Apache Derby" use="true" />
      <option name="auto-sync" value="true" />
    </driver>
    <driver id="derby.remote">
      <artifact name="Apache Derby" use="true" />
      <option name="auto-sync" value="true" />
    </driver>
    <driver id="azure.ms">
      <artifact name="SQL Server" use="true" />
      <option name="auto-sync" value="false" />
      <option name="send-app-info" value="false" />
    </driver>
    <driver id="sqlserver.ms">
      <artifact name="SQL Server" use="true" />
      <option name="auto-sync" value="true" />
      <option name="send-app-info" value="false" />
    </driver>
    <driver id="sqlserver.jtds">
      <artifact name="jTDS (SQL Server and Sybase)" use="true" />
      <option name="auto-sync" value="true" />
    </driver>
    <driver id="sybase.jtds">
      <artifact name="jTDS (SQL Server and Sybase)" use="true" />
      <option name="auto-sync" value="true" />
    </driver>
    <driver id="sybase.ase">
      <option name="auto-sync" value="true" />
    </driver>
    <driver id="mysql.8">
      <artifact name="MySQL Connector/J 8" use="true" version="8.0.15" />
      <option name="auto-sync" value="true" />
      <option name="auto-commit" value="true" />
      <option name="format-sources-on-sync" value="true" />
      <option name="send-app-info" value="true" />
      <option name="source-loading" value="USER_SOURCES" />
      <option name="schema-control" value="AUTOMATIC" />
    </driver>
    <driver id="mysql" name="mysql5.1">
      <artifact name="MySQL Connector/J" use="true" version="5.1.47" />
      <option name="auto-sync" value="true" />
      <option name="auto-commit" value="true" />
      <option name="format-sources-on-sync" value="true" />
      <option name="send-app-info" value="true" />
      <option name="source-loading" value="USER_SOURCES" />
      <option name="schema-control" value="AUTOMATIC" />
    </driver>
    <driver id="mariadb">
      <artifact name="MariaDB Connector J" use="true" />
      <option name="auto-sync" value="true" />
    </driver>
    <driver id="oracle">
      <artifact name="Oracle" use="true" />
      <option name="auto-sync" value="true" />
      <option name="auto-commit" value="false" />
    </driver>
    <driver id="postgresql">
      <artifact name="PostgreSQL" use="true" />
      <option name="auto-sync" value="true" />
      <option name="schema-control" value="MANUAL" />
    </driver>
    <driver id="redshift">
      <artifact name="Redshift" use="true" />
      <option name="auto-sync" value="true" />
      <option name="schema-control" value="MANUAL" />
    </driver>
    <driver id="hsqldb.local">
      <artifact name="HSQLDB" use="true" />
      <option name="auto-sync" value="true" />
    </driver>
    <driver id="hsqldb.remote">
      <artifact name="HSQLDB" use="true" />
      <option name="auto-sync" value="true" />
    </driver>
    <driver id="h2.unified">
      <artifact name="H2" use="true" />
      <option name="auto-sync" value="true" />
    </driver>
    <driver id="sqlite.xerial">
      <artifact name="Xerial SQLiteJDBC" rolling="false" use="true" version="3.25.1" />
      <option name="auto-sync" value="true" />
      <option name="auto-commit" value="true" />
      <option name="format-sources-on-sync" value="true" />
      <option name="send-app-info" value="true" />
      <option name="source-loading" value="USER_SOURCES" />
      <option name="schema-control" value="AUTOMATIC" />
    </driver>
    <driver id="exasol">
      <artifact name="Exasol" use="true" />
      <option name="auto-sync" value="true" />
    </driver>
    <driver id="clickhouse">
      <artifact name="ClickHouse" use="true" />
      <option name="auto-sync" value="true" />
    </driver>
    <driver id="cassandra">
      <artifact name="Cassandra" use="true" />
      <option name="auto-sync" value="true" />
    </driver>
    <driver id="vertica">
      <artifact name="Vertica" use="true" />
      <option name="auto-sync" value="true" />
    </driver>
    <driver id="hive">
      <artifact name="Hive" use="true" />
      <option name="auto-sync" value="true" />
    </driver>
    <driver id="greenplum">
      <artifact name="PostgreSQL" use="true" />
      <option name="auto-sync" value="true" />
      <option name="schema-control" value="MANUAL" />
      <option name="send-app-info" value="false" />
    </driver>
    <driver id="snowflake">
      <artifact name="Snowflake" use="true" />
      <option name="auto-sync" value="true" />
    </driver>
    <driver id="70573bf4-4479-4639-8eb0-b8c9b05a7e7f" name="db driver" dialect="SQLite" driver-class="org.sqlite.JDBC" icon="AllIcons.Providers.Sqlite">
      <url-template name="default" template="jdbc:sqlite:!(:memory:){file::identifier.sqlite}?" />
      <url-template name="In-memory" template="jdbc:sqlite::memory:" />
      <artifact name="Xerial SQLiteJDBC" use="true" version="3.25.1" />
      <option name="auto-sync" value="true" />
      <option name="auto-commit" value="true" />
      <option name="format-sources-on-sync" value="true" />
      <option name="send-app-info" value="true" />
      <option name="source-loading" value="USER_SOURCES" />
      <option name="schema-control" value="AUTOMATIC" />
      <property name="enable_load_extension" value="true" />
      <library>
        <url>file://$APPLICATION_CONFIG_DIR$/jdbc-drivers/Xerial SQLiteJDBC/3.16.1/sqlite-jdbc-3.16.1.jar</url>
      </library>
      <library>
        <url>file://$APPLICATION_CONFIG_DIR$/jdbc-drivers/Xerial SQLiteJDBC/3.16.1/xerial-sqlite-license.txt</url>
      </library>
      <library>
        <url>file://$APPLICATION_CONFIG_DIR$/jdbc-drivers/Xerial SQLiteJDBC/3.16.1/sqlite-jdbc-3.16.1.jar</url>
      </library>
      <library>
        <url>file://$APPLICATION_CONFIG_DIR$/jdbc-drivers/Xerial SQLiteJDBC/3.16.1/xerial-sqlite-license.txt</url>
      </library>
      <library>
        <url>file://$APPLICATION_CONFIG_DIR$/jdbc-drivers/Xerial SQLiteJDBC/3.16.1/sqlite-jdbc-3.16.1.jar</url>
      </library>
      <library>
        <url>file://$APPLICATION_CONFIG_DIR$/jdbc-drivers/Xerial SQLiteJDBC/3.16.1/xerial-sqlite-license.txt</url>
      </library>
      <library>
        <url>file://$APPLICATION_CONFIG_DIR$/jdbc-drivers/xerial-sqlite-license.txt</url>
      </library>
      <library>
        <url>file://$APPLICATION_CONFIG_DIR$/jdbc-drivers/sqlite-jdbc-3.8.11.2.jar</url>
      </library>
    </driver>
    <driver id="b75bc3fa-48e1-4dd8-b9c4-2601f063134f" name="db driver" dialect="SQLite" driver-class="org.sqlite.JDBC" icon="AllIcons.Providers.Sqlite">
      <url-template name="default" template="jdbc:sqlite:!(:memory:){file::identifier.sqlite}?" />
      <url-template name="In-memory" template="jdbc:sqlite::memory:" />
      <artifact name="Xerial SQLiteJDBC" use="true" version="3.25.1" />
      <option name="auto-sync" value="true" />
      <option name="auto-commit" value="true" />
      <option name="format-sources-on-sync" value="true" />
      <option name="send-app-info" value="true" />
      <option name="source-loading" value="USER_SOURCES" />
      <option name="schema-control" value="AUTOMATIC" />
      <property name="enable_load_extension" value="true" />
      <library>
        <url>file://$APPLICATION_CONFIG_DIR$/jdbc-drivers/Xerial SQLiteJDBC/3.16.1/sqlite-jdbc-3.16.1.jar</url>
      </library>
      <library>
        <url>file://$APPLICATION_CONFIG_DIR$/jdbc-drivers/Xerial SQLiteJDBC/3.16.1/xerial-sqlite-license.txt</url>
      </library>
      <library>
        <url>file://$APPLICATION_CONFIG_DIR$/jdbc-drivers/Xerial SQLiteJDBC/3.16.1/xerial-sqlite-license_2.txt</url>
      </library>
    </driver>
    <driver id="fe3d9a64-185b-42d8-82fb-864e6a2f3000" name="db driver" dialect="SQLite" driver-class="org.sqlite.JDBC" icon="AllIcons.Providers.Sqlite">
      <url-template name="default" template="jdbc:sqlite:!(:memory:){file::identifier.sqlite}?" />
      <url-template name="In-memory" template="jdbc:sqlite::memory:" />
      <artifact name="Xerial SQLiteJDBC" use="true" version="3.25.1" />
      <option name="auto-sync" value="true" />
      <option name="auto-commit" value="true" />
      <option name="format-sources-on-sync" value="true" />
      <option name="send-app-info" value="true" />
      <option name="source-loading" value="USER_SOURCES" />
      <option name="schema-control" value="AUTOMATIC" />
      <property name="enable_load_extension" value="true" />
      <library>
        <url>file://$APPLICATION_CONFIG_DIR$/jdbc-drivers/Xerial SQLiteJDBC/3.16.1/sqlite-jdbc-3.16.1.jar</url>
      </library>
      <library>
        <url>file://$APPLICATION_CONFIG_DIR$/jdbc-drivers/Xerial SQLiteJDBC/3.16.1/xerial-sqlite-license.txt</url>
      </library>
      <library>
        <url>file://$APPLICATION_CONFIG_DIR$/jdbc-drivers/Xerial SQLiteJDBC/3.16.1/xerial-sqlite-license_2.txt</url>
      </library>
      <library>
        <url>file://$APPLICATION_CONFIG_DIR$/jdbc-drivers/Xerial SQLiteJDBC/3.16.1/sqlite-jdbc-3.16.1.jar</url>
      </library>
      <library>
        <url>file://$APPLICATION_CONFIG_DIR$/jdbc-drivers/Xerial SQLiteJDBC/3.16.1/xerial-sqlite-license.txt</url>
      </library>
      <library>
        <url>file://$APPLICATION_CONFIG_DIR$/jdbc-drivers/Xerial SQLiteJDBC/3.16.1/sqlite-jdbc-3.16.1.jar</url>
      </library>
      <library>
        <url>file://$APPLICATION_CONFIG_DIR$/jdbc-drivers/Xerial SQLiteJDBC/3.16.1/xerial-sqlite-license.txt</url>
      </library>
      <library>
        <url>file://$APPLICATION_CONFIG_DIR$/jdbc-drivers/xerial-sqlite-license.txt</url>
      </library>
      <library>
        <url>file://$APPLICATION_CONFIG_DIR$/jdbc-drivers/sqlite-jdbc-3.8.11.2.jar</url>
      </library>
    </driver>
    <driver id="70576217-d83f-4c95-b4ed-41c841645978" name="db driver" dialect="SQLite" driver-class="org.sqlite.JDBC" icon="AllIcons.Providers.Sqlite">
      <url-template name="default" template="jdbc:sqlite:!(:memory:){file::identifier.sqlite}?" />
      <url-template name="In-memory" template="jdbc:sqlite::memory:" />
      <artifact name="Xerial SQLiteJDBC" rolling="false" use="true" version="3.25.1" />
      <option name="auto-sync" value="true" />
      <option name="auto-commit" value="true" />
      <option name="format-sources-on-sync" value="true" />
      <option name="send-app-info" value="true" />
      <option name="source-loading" value="USER_SOURCES" />
      <option name="schema-control" value="AUTOMATIC" />
      <property name="enable_load_extension" value="true" />
      <library>
        <url>file://$APPLICATION_CONFIG_DIR$/jdbc-drivers/Xerial SQLiteJDBC/3.16.1/sqlite-jdbc-3.16.1.jar</url>
      </library>
      <library>
        <url>file://$APPLICATION_CONFIG_DIR$/jdbc-drivers/Xerial SQLiteJDBC/3.16.1/xerial-sqlite-license.txt</url>
      </library>
      <library>
        <url>file://$APPLICATION_CONFIG_DIR$/jdbc-drivers/Xerial SQLiteJDBC/3.16.1/xerial-sqlite-license_2.txt</url>
      </library>
      <library>
        <url>file://$APPLICATION_CONFIG_DIR$/jdbc-drivers/Xerial SQLiteJDBC/3.20.1.1/xerial-sqlite-license.txt</url>
      </library>
      <library>
        <url>file://$APPLICATION_CONFIG_DIR$/jdbc-drivers/Xerial SQLiteJDBC/3.20.1.1/sqlite-jdbc-3.20.1.1.jar</url>
      </library>
      <library>
        <url>file://$APPLICATION_CONFIG_DIR$/jdbc-drivers/Xerial SQLiteJDBC/3.16.1/sqlite-jdbc-3.16.1.jar</url>
      </library>
      <library>
        <url>file://$APPLICATION_CONFIG_DIR$/jdbc-drivers/Xerial SQLiteJDBC/3.16.1/xerial-sqlite-license.txt</url>
      </library>
      <library>
        <url>file://$APPLICATION_CONFIG_DIR$/jdbc-drivers/Xerial SQLiteJDBC/3.8.11.2/sqlite-jdbc-3.8.11.2.jar</url>
      </library>
      <library>
        <url>file://$APPLICATION_CONFIG_DIR$/jdbc-drivers/Xerial SQLiteJDBC/3.8.11.2/xerial-sqlite-license.txt</url>
      </library>
    </driver>
  </component>
</application>