<application>
  <component name="FileTypeManager" version="18">
    <ignoreFiles list="*$py.class;*.pyc;*.pyo;*.rbc;*~;.DS_Store;.git;.hg;.svn;CVS;RCS;SCCS;__pycache__;_svn;rcs;vssver.scc;vssver2.scc;" />
    <extensionMap>
      <mapping pattern="README" type="AUTO_DETECTED" />
      <mapping pattern="image" type="PLAIN_TEXT" />
      <mapping pattern=".log" type="PLAIN_TEXT" />
      <mapping pattern="word" type="PLAIN_TEXT" />
      <mapping pattern="py2" type="PLAIN_TEXT" />
      <mapping pattern="images" type="PLAIN_TEXT" />
      <mapping pattern="text1.py" type="PLAIN_TEXT" />
      <mapping ext="ttf" type="PLAIN_TEXT" />
      <mapping ext="new" type="PLAIN_TEXT" />
      <mapping ext="cookies" type="PLAIN_TEXT" />
      <removed_mapping ext="bat" approved="true" type="PLAIN_TEXT" />
      <removed_mapping ext="cmd" approved="true" type="PLAIN_TEXT" />
      <removed_mapping ext="dockerfile" approved="true" type="textmate" />
      <removed_mapping ext="log" approved="true" type="Native" />
      <removed_mapping ext="makefile" approved="true" type="textmate" />
      <removed_mapping ext="snakefile" approved="true" type="textmate" />
      <removed_mapping pattern=".log" approved="true" type="GitIgnore file" />
      <removed_mapping pattern="js" approved="true" type="PLAIN_TEXT" />
      <removed_mapping pattern="py" approved="true" type="PLAIN_TEXT" />
    </extensionMap>
  </component>
</application>