<application>
  <component name="ProjectJdkTable">
    <jdk version="2">
      <name value="Python 3.9" />
      <type value="Python SDK" />
      <version value="Python 3.9.1" />
      <homePath value="C:\Python39\python.exe" />
      <roots>
        <classPath>
          <root type="composite">
            <root url="file://C:/Python39/DLLs" type="simple" />
            <root url="file://C:/Python39/Lib" type="simple" />
            <root url="file://C:/Python39" type="simple" />
            <root url="file://C:/Python39/Lib/site-packages" type="simple" />
            <root url="file://$USER_HOME$/AppData/Local/JetBrains/PyCharm2020.3/python_stubs/-797412331" type="simple" />
            <root url="file://$APPLICATION_HOME_DIR$/plugins/python/helpers/python-skeletons" type="simple" />
            <root url="file://$APPLICATION_HOME_DIR$/plugins/python/helpers/typeshed/stdlib/3.9" type="simple" />
            <root url="file://$APPLICATION_HOME_DIR$/plugins/python/helpers/typeshed/stdlib/3.7" type="simple" />
            <root url="file://$APPLICATION_HOME_DIR$/plugins/python/helpers/typeshed/stdlib/3" type="simple" />
            <root url="file://$APPLICATION_HOME_DIR$/plugins/python/helpers/typeshed/stdlib/2and3" type="simple" />
            <root url="file://$APPLICATION_HOME_DIR$/plugins/python/helpers/typeshed/third_party/3" type="simple" />
            <root url="file://$APPLICATION_HOME_DIR$/plugins/python/helpers/typeshed/third_party/2and3" type="simple" />
          </root>
        </classPath>
        <sourcePath>
          <root type="composite" />
        </sourcePath>
      </roots>
      <additional />
    </jdk>
    <jdk version="2">
      <name value="Remote Python 3.6.8 (sftp://root@10.1.17.172:22/usr/bin/python3)" />
      <type value="Python SDK" />
      <version value="Python 3.6.8" />
      <homePath value="sftp://root@10.1.17.172:22/usr/bin/python3" />
      <roots>
        <classPath>
          <root type="composite">
            <root url="file://$USER_HOME$/AppData/Local/JetBrains/PyCharm2020.3/remote_sources/-1054613630/1646052553" type="simple" />
            <root url="file://$USER_HOME$/AppData/Local/JetBrains/PyCharm2020.3/remote_sources/-1054613630/-337502517" type="simple" />
            <root url="file://$USER_HOME$/AppData/Local/JetBrains/PyCharm2020.3/remote_sources/-1054613630/-443519507" type="simple" />
            <root url="file://$USER_HOME$/AppData/Local/JetBrains/PyCharm2020.3/remote_sources/-1054613630/764490735" type="simple" />
            <root url="file://$USER_HOME$/AppData/Local/JetBrains/PyCharm2020.3/remote_sources/-1054613630/1397887433" type="simple" />
            <root url="file://$USER_HOME$/AppData/Local/JetBrains/PyCharm2020.3/remote_sources/-1054613630/1234774804" type="simple" />
            <root url="file://$USER_HOME$/AppData/Local/JetBrains/PyCharm2020.3/remote_sources/-1054613630/-1012239112" type="simple" />
            <root url="file://$USER_HOME$/AppData/Local/JetBrains/PyCharm2020.3/python_stubs/-1054613630" type="simple" />
            <root url="file://$APPLICATION_HOME_DIR$/plugins/python/helpers/python-skeletons" type="simple" />
            <root url="file://$APPLICATION_HOME_DIR$/plugins/python/helpers/typeshed/stdlib/3" type="simple" />
            <root url="file://$APPLICATION_HOME_DIR$/plugins/python/helpers/typeshed/stdlib/2and3" type="simple" />
            <root url="file://$APPLICATION_HOME_DIR$/plugins/python/helpers/typeshed/third_party/3" type="simple" />
            <root url="file://$APPLICATION_HOME_DIR$/plugins/python/helpers/typeshed/third_party/2and3" type="simple" />
          </root>
        </classPath>
        <sourcePath>
          <root type="composite" />
        </sourcePath>
      </roots>
      <additional INTERPRETER_PATH="/usr/bin/python3" HELPERS_PATH="/root/.pycharm_helpers" INITIALIZED="false" VALID="true" RUN_AS_ROOT_VIA_SUDO="false" SKELETONS_PATH="" VERSION="" WEB_SERVER_CONFIG_ID="9d8415f7-71f2-42dc-be60-d76d8a92af74" WEB_SERVER_CONFIG_NAME="10.1.17.172" WEB_SERVER_CREDENTIALS_ID="sftp://root@10.1.17.172:22">
        <PathMappingSettings>
          <option name="pathMappings">
            <list>
              <mapping local-root="$USER_HOME$/AppData/Local/JetBrains/PyCharm2020.3/remote_sources/-1054613630/1646052553" remote-root="/usr/lib64/python3.6" />
              <mapping local-root="$USER_HOME$/AppData/Local/JetBrains/PyCharm2020.3/remote_sources/-1054613630/-337502517" remote-root="/usr/local/lib/python3.6/site-packages" />
              <mapping local-root="$USER_HOME$/AppData/Local/JetBrains/PyCharm2020.3/remote_sources/-1054613630/-443519507" remote-root="/usr/lib64/python3.6/site-packages" />
              <mapping local-root="$USER_HOME$/AppData/Local/JetBrains/PyCharm2020.3/remote_sources/-1054613630/764490735" remote-root="/usr/lib/python3.6/site-packages" />
              <mapping local-root="$USER_HOME$/AppData/Local/JetBrains/PyCharm2020.3/remote_sources/-1054613630/1397887433" remote-root="/usr/local/lib64/python3.6/site-packages" />
              <mapping local-root="$USER_HOME$/AppData/Local/JetBrains/PyCharm2020.3/remote_sources/-1054613630/1234774804" remote-root="/usr/python3/lib/python3.7" />
              <mapping local-root="$USER_HOME$/AppData/Local/JetBrains/PyCharm2020.3/remote_sources/-1054613630/-1012239112" remote-root="/usr/python3/lib/python3.7/site-packages" />
            </list>
          </option>
        </PathMappingSettings>
      </additional>
    </jdk>
    <jdk version="2">
      <name value="Remote Python 3.7.9 (sftp://root@10.1.17.173:22/usr/bin/python3)" />
      <type value="Python SDK" />
      <version value="Python 3.7.9" />
      <homePath value="sftp://root@10.1.17.173:22/usr/bin/python3" />
      <roots>
        <classPath>
          <root type="composite">
            <root url="file://$USER_HOME$/AppData/Local/JetBrains/PyCharm2020.3/remote_sources/-1463437855/1234774804" type="simple" />
            <root url="file://$USER_HOME$/AppData/Local/JetBrains/PyCharm2020.3/remote_sources/-1463437855/-1012239112" type="simple" />
            <root url="file://$USER_HOME$/AppData/Local/JetBrains/PyCharm2020.3/remote_sources/-1463437855/1646052553" type="simple" />
            <root url="file://$USER_HOME$/AppData/Local/JetBrains/PyCharm2020.3/remote_sources/-1463437855/-337502517" type="simple" />
            <root url="file://$USER_HOME$/AppData/Local/JetBrains/PyCharm2020.3/remote_sources/-1463437855/-443519507" type="simple" />
            <root url="file://$USER_HOME$/AppData/Local/JetBrains/PyCharm2020.3/python_stubs/-1463437855" type="simple" />
            <root url="file://$APPLICATION_HOME_DIR$/plugins/python/helpers/python-skeletons" type="simple" />
            <root url="file://$APPLICATION_HOME_DIR$/plugins/python/helpers/typeshed/stdlib/3.7" type="simple" />
            <root url="file://$APPLICATION_HOME_DIR$/plugins/python/helpers/typeshed/stdlib/3" type="simple" />
            <root url="file://$APPLICATION_HOME_DIR$/plugins/python/helpers/typeshed/stdlib/2and3" type="simple" />
            <root url="file://$APPLICATION_HOME_DIR$/plugins/python/helpers/typeshed/third_party/3" type="simple" />
            <root url="file://$APPLICATION_HOME_DIR$/plugins/python/helpers/typeshed/third_party/2and3" type="simple" />
          </root>
        </classPath>
        <sourcePath>
          <root type="composite" />
        </sourcePath>
      </roots>
      <additional INTERPRETER_PATH="/usr/bin/python3" HELPERS_PATH="/root/.pycharm_helpers" INITIALIZED="false" VALID="true" RUN_AS_ROOT_VIA_SUDO="false" SKELETONS_PATH="" VERSION="" WEB_SERVER_CONFIG_ID="a7883ddf-e568-4a04-ad72-665764fd457f" WEB_SERVER_CONFIG_NAME="10.1.17.173" WEB_SERVER_CREDENTIALS_ID="sftp://root@10.1.17.173:22">
        <PathMappingSettings>
          <option name="pathMappings">
            <list>
              <mapping local-root="$USER_HOME$/AppData/Local/JetBrains/PyCharm2020.3/remote_sources/-1463437855/1234774804" remote-root="/usr/python3/lib/python3.7" />
              <mapping local-root="$USER_HOME$/AppData/Local/JetBrains/PyCharm2020.3/remote_sources/-1463437855/-1012239112" remote-root="/usr/python3/lib/python3.7/site-packages" />
              <mapping local-root="$USER_HOME$/AppData/Local/JetBrains/PyCharm2020.3/remote_sources/-1463437855/1646052553" remote-root="/usr/lib64/python3.6" />
              <mapping local-root="$USER_HOME$/AppData/Local/JetBrains/PyCharm2020.3/remote_sources/-1463437855/-337502517" remote-root="/usr/local/lib/python3.6/site-packages" />
              <mapping local-root="$USER_HOME$/AppData/Local/JetBrains/PyCharm2020.3/remote_sources/-1463437855/-443519507" remote-root="/usr/lib64/python3.6/site-packages" />
            </list>
          </option>
        </PathMappingSettings>
      </additional>
    </jdk>
    <jdk version="2">
      <name value="Remote Python3 (sftp://root@10.1.17.184:22/usr/bin/python3)" />
      <type value="Python SDK" />
      <version value="Python 3.6.8" />
      <homePath value="sftp://root@10.1.17.184:22/usr/bin/python3" />
      <roots>
        <classPath>
          <root type="composite">
            <root url="file://$USER_HOME$/AppData/Local/JetBrains/PyCharm2020.3/remote_sources/-884861774/1646051593" type="simple" />
            <root url="file://$USER_HOME$/AppData/Local/JetBrains/PyCharm2020.3/remote_sources/-884861774/704340502" type="simple" />
            <root url="file://$USER_HOME$/AppData/Local/JetBrains/PyCharm2020.3/remote_sources/-884861774/843607953" type="simple" />
            <root url="file://$USER_HOME$/AppData/Local/JetBrains/PyCharm2020.3/remote_sources/-884861774/-289277395" type="simple" />
            <root url="file://$USER_HOME$/AppData/Local/JetBrains/PyCharm2020.3/remote_sources/-884861774/918732847" type="simple" />
            <root url="file://$USER_HOME$/AppData/Local/JetBrains/PyCharm2020.3/remote_sources/-1660911167/1646052553" type="simple" />
            <root url="file://$USER_HOME$/AppData/Local/JetBrains/PyCharm2020.3/remote_sources/-1660911167/1397887433" type="simple" />
            <root url="file://$USER_HOME$/AppData/Local/JetBrains/PyCharm2020.3/remote_sources/-1660911167/-337502517" type="simple" />
            <root url="file://$USER_HOME$/AppData/Local/JetBrains/PyCharm2020.3/remote_sources/-1660911167/-443519507" type="simple" />
            <root url="file://$USER_HOME$/AppData/Local/JetBrains/PyCharm2020.3/remote_sources/-1660911167/764490735" type="simple" />
            <root url="file://$USER_HOME$/AppData/Local/JetBrains/PyCharm2020.3/python_stubs/-1660911167" type="simple" />
            <root url="file://$APPLICATION_HOME_DIR$/plugins/python/helpers/python-skeletons" type="simple" />
            <root url="file://$APPLICATION_HOME_DIR$/plugins/python/helpers/typeshed/stdlib/3" type="simple" />
            <root url="file://$APPLICATION_HOME_DIR$/plugins/python/helpers/typeshed/stdlib/2and3" type="simple" />
            <root url="file://$APPLICATION_HOME_DIR$/plugins/python/helpers/typeshed/third_party/3" type="simple" />
            <root url="file://$APPLICATION_HOME_DIR$/plugins/python/helpers/typeshed/third_party/2and3" type="simple" />
          </root>
        </classPath>
        <sourcePath>
          <root type="composite" />
        </sourcePath>
      </roots>
      <additional INTERPRETER_PATH="/usr/bin/python3" HELPERS_PATH="/root/.pycharm_helpers" INITIALIZED="false" VALID="true" RUN_AS_ROOT_VIA_SUDO="false" SKELETONS_PATH="" VERSION="Python 3.6.8" WEB_SERVER_CONFIG_ID="94b05c6a-8451-4e1c-84a1-f0b84ddf54fd" WEB_SERVER_CONFIG_NAME="root@10.1.17.184" WEB_SERVER_CREDENTIALS_ID="sftp://root@10.1.17.184:22">
        <PathMappingSettings>
          <option name="pathMappings">
            <list>
              <mapping local-root="$USER_HOME$/AppData/Local/JetBrains/PyCharm2020.3/remote_sources/-884861774/1646051593" remote-root="/usr/lib64/python2.7" />
              <mapping local-root="$USER_HOME$/AppData/Local/JetBrains/PyCharm2020.3/remote_sources/-884861774/704340502" remote-root="/usr/lib64/python2.7/plat-linux2" />
              <mapping local-root="$USER_HOME$/AppData/Local/JetBrains/PyCharm2020.3/remote_sources/-884861774/843607953" remote-root="/usr/lib64/python2.7/lib-dynload" />
              <mapping local-root="$USER_HOME$/AppData/Local/JetBrains/PyCharm2020.3/remote_sources/-884861774/-289277395" remote-root="/usr/lib64/python2.7/site-packages" />
              <mapping local-root="$USER_HOME$/AppData/Local/JetBrains/PyCharm2020.3/remote_sources/-884861774/918732847" remote-root="/usr/lib/python2.7/site-packages" />
              <mapping local-root="$USER_HOME$/AppData/Local/JetBrains/PyCharm2020.3/remote_sources/-1660911167/1646052553" remote-root="/usr/lib64/python3.6" />
              <mapping local-root="$USER_HOME$/AppData/Local/JetBrains/PyCharm2020.3/remote_sources/-1660911167/1397887433" remote-root="/usr/local/lib64/python3.6/site-packages" />
              <mapping local-root="$USER_HOME$/AppData/Local/JetBrains/PyCharm2020.3/remote_sources/-1660911167/-337502517" remote-root="/usr/local/lib/python3.6/site-packages" />
              <mapping local-root="$USER_HOME$/AppData/Local/JetBrains/PyCharm2020.3/remote_sources/-1660911167/-443519507" remote-root="/usr/lib64/python3.6/site-packages" />
              <mapping local-root="$USER_HOME$/AppData/Local/JetBrains/PyCharm2020.3/remote_sources/-1660911167/764490735" remote-root="/usr/lib/python3.6/site-packages" />
            </list>
          </option>
        </PathMappingSettings>
      </additional>
    </jdk>
    <jdk version="2">
      <name value="Remote Python 3.6.8 (sftp://root@10.1.17.171:22/usr/bin/python3)" />
      <type value="Python SDK" />
      <version value="Python 3.6.8" />
      <homePath value="sftp://root@10.1.17.171:22/usr/bin/python3" />
      <roots>
        <classPath>
          <root type="composite">
            <root url="file://$USER_HOME$/AppData/Local/JetBrains/PyCharm2020.3/remote_sources/-645789405/1646052553" type="simple" />
            <root url="file://$USER_HOME$/AppData/Local/JetBrains/PyCharm2020.3/remote_sources/-645789405/-443519507" type="simple" />
            <root url="file://$USER_HOME$/AppData/Local/JetBrains/PyCharm2020.3/remote_sources/-645789405/764490735" type="simple" />
            <root url="file://$USER_HOME$/AppData/Local/JetBrains/PyCharm2020.3/python_stubs/-645789405" type="simple" />
            <root url="file://$APPLICATION_HOME_DIR$/plugins/python/helpers/python-skeletons" type="simple" />
            <root url="file://$APPLICATION_HOME_DIR$/plugins/python/helpers/typeshed/stdlib/3" type="simple" />
            <root url="file://$APPLICATION_HOME_DIR$/plugins/python/helpers/typeshed/stdlib/2and3" type="simple" />
            <root url="file://$APPLICATION_HOME_DIR$/plugins/python/helpers/typeshed/third_party/3" type="simple" />
            <root url="file://$APPLICATION_HOME_DIR$/plugins/python/helpers/typeshed/third_party/2and3" type="simple" />
          </root>
        </classPath>
        <sourcePath>
          <root type="composite" />
        </sourcePath>
      </roots>
      <additional INTERPRETER_PATH="/usr/bin/python3" HELPERS_PATH="/root/.pycharm_helpers" INITIALIZED="false" VALID="true" RUN_AS_ROOT_VIA_SUDO="false" SKELETONS_PATH="" VERSION="" WEB_SERVER_CONFIG_ID="b3daf889-f45c-48c8-ab63-19fa0e90e970" WEB_SERVER_CONFIG_NAME="root@10.1.17.171" WEB_SERVER_CREDENTIALS_ID="sftp://root@10.1.17.171:22">
        <PathMappingSettings>
          <option name="pathMappings">
            <list>
              <mapping local-root="$USER_HOME$/AppData/Local/JetBrains/PyCharm2020.3/remote_sources/-645789405/1646052553" remote-root="/usr/lib64/python3.6" />
              <mapping local-root="$USER_HOME$/AppData/Local/JetBrains/PyCharm2020.3/remote_sources/-645789405/-443519507" remote-root="/usr/lib64/python3.6/site-packages" />
              <mapping local-root="$USER_HOME$/AppData/Local/JetBrains/PyCharm2020.3/remote_sources/-645789405/764490735" remote-root="/usr/lib/python3.6/site-packages" />
              <mapping local-root="$USER_HOME$/AppData/Local/JetBrains/PyCharm2020.3/remote_sources/-645789405/1397887433" remote-root="/usr/local/lib64/python3.6/site-packages" />
              <mapping local-root="$USER_HOME$/AppData/Local/JetBrains/PyCharm2020.3/remote_sources/-645789405/-337502517" remote-root="/usr/local/lib/python3.6/site-packages" />
            </list>
          </option>
        </PathMappingSettings>
      </additional>
    </jdk>
  </component>
</application>