<application>
  <component name="ProjectManager">
    <defaultProject>
      <component name="Encoding">
        <file url="PROJECT" charset="UTF-8" />
      </component>
      <component name="InspectionProjectProfileManager">
        <profile version="1.0">
          <option name="myName" value="Project Default" />
        </profile>
        <version value="1.0" />
      </component>
      <component name="JsBowerSettings">
        <node-interpreter value="project" />
        <exe-path />
        <config-path />
      </component>
      <component name="JsFlowSettings">
        <service-enabled>true</service-enabled>
        <exe-path />
        <annotation-enable>false</annotation-enable>
        <other-services-enabled>true</other-services-enabled>
        <auto-save>true</auto-save>
      </component>
      <component name="ProjectDictionaryState">
        <dictionary name="MOKE" />
        <dictionary name="w00046" />
      </component>
      <component name="ProjectInspectionProfilesVisibleTreeState">
        <entry key="Project Default">
          <profile-state>
            <expanded-state>
              <State />
            </expanded-state>
            <selected-state>
              <State>
                <id>Angular</id>
              </State>
            </selected-state>
          </profile-state>
        </entry>
      </component>
      <component name="ProjectRootManager" version="2" project-jdk-name="Python 3.8" project-jdk-type="Python SDK" />
      <component name="ProjectViewState">
        <option name="hideEmptyMiddlePackages" value="true" />
        <option name="showLibraryContents" value="true" />
        <option name="showMembers" value="true" />
      </component>
      <component name="PropertiesComponent">
        <property name="last_opened_file_path" value="$USER_HOME$/AppData/Local/Programs/Python/Python36-32/python3.exe" />
        <property name="node.js.path.for.package.stylelint" value="project" />
        <property name="node.js.selected.package.stylelint" value="" />
        <property name="nodejs_interpreter_path.stuck_in_default_project" value="undefined stuck path" />
        <property name="nodejs_npm_path_reset_for_default_project" value="true" />
        <property name="settings.editor.selected.configurable" value="reference.settings.ide.settings.file-colors" />
      </component>
      <component name="RunManager">
        <configuration default="true" type="DjangoTestsConfigurationType">
          <option name="INTERPRETER_OPTIONS" value="" />
          <option name="PARENT_ENVS" value="true" />
          <envs>
            <env name="PYTHONUNBUFFERED" value="1" />
          </envs>
          <option name="SDK_HOME" value="C:\python\python.exe" />
          <option name="WORKING_DIRECTORY" value="" />
          <option name="IS_MODULE_SDK" value="false" />
          <option name="ADD_CONTENT_ROOTS" value="true" />
          <option name="ADD_SOURCE_ROOTS" value="true" />
          <module name="" />
          <EXTENSION ID="PythonCoverageRunConfigurationExtension" runner="coverage.py" />
          <option name="TARGET" value="" />
          <option name="SETTINGS_FILE" value="" />
          <option name="CUSTOM_SETTINGS" value="false" />
          <option name="USE_OPTIONS" value="false" />
          <option name="OPTIONS" value="" />
          <method v="2" />
        </configuration>
        <configuration default="true" type="PythonConfigurationType" factoryName="Python">
          <option name="INTERPRETER_OPTIONS" value="" />
          <option name="PARENT_ENVS" value="true" />
          <envs>
            <env name="PYTHONUNBUFFERED" value="1" />
          </envs>
          <option name="SDK_HOME" value="C:\Python39\python.exe" />
          <option name="WORKING_DIRECTORY" value="" />
          <option name="IS_MODULE_SDK" value="false" />
          <option name="ADD_CONTENT_ROOTS" value="true" />
          <option name="ADD_SOURCE_ROOTS" value="true" />
          <module name="" />
          <EXTENSION ID="PythonCoverageRunConfigurationExtension" runner="coverage.py" />
          <option name="SCRIPT_NAME" value="" />
          <option name="PARAMETERS" value="" />
          <option name="SHOW_COMMAND_LINE" value="false" />
          <option name="EMULATE_TERMINAL" value="false" />
          <option name="MODULE_MODE" value="false" />
          <option name="REDIRECT_INPUT" value="false" />
          <option name="INPUT_FILE" value="" />
          <method v="2" />
        </configuration>
        <configuration default="true" type="Python.DjangoServer" factoryName="Django server">
          <option name="INTERPRETER_OPTIONS" value="" />
          <option name="PARENT_ENVS" value="true" />
          <envs>
            <env name="PYTHONUNBUFFERED" value="1" />
          </envs>
          <option name="SDK_HOME" value="C:\python\python.exe" />
          <option name="WORKING_DIRECTORY" value="" />
          <option name="IS_MODULE_SDK" value="false" />
          <option name="ADD_CONTENT_ROOTS" value="true" />
          <option name="ADD_SOURCE_ROOTS" value="true" />
          <module name="" />
          <option name="launchJavascriptDebuger" value="false" />
          <option name="port" value="8000" />
          <option name="host" value="" />
          <option name="additionalOptions" value="" />
          <option name="browserUrl" value="" />
          <option name="runTestServer" value="false" />
          <option name="runNoReload" value="false" />
          <option name="useCustomRunCommand" value="false" />
          <option name="customRunCommand" value="" />
          <method v="2" />
        </configuration>
      </component>
      <component name="SvnConfiguration">
        <configuration>C:\Users\MOKE\AppData\Roaming\Subversion</configuration>
      </component>
      <component name="VagrantProjectSettings">
        <option name="instanceFolder" value="" />
        <option name="provider" value="" />
      </component>
      <component name="masterDetails">
        <states>
          <state key="ScopeChooserConfigurable.UI">
            <settings>
              <splitter-proportions>
                <option name="proportions">
                  <list>
                    <option value="0.2" />
                  </list>
                </option>
              </splitter-proportions>
            </settings>
          </state>
        </states>
      </component>
    </defaultProject>
  </component>
</application>