<application>
  <component name="UISettings">
    <option name="ACTIVATE_MRU_EDITOR_ON_CLOSE" value="true" />
    <option name="compactTreeIndents" value="true" />
    <option name="CONSOLE_COMMAND_HISTORY_LIMIT" value="500" />
    <option name="EDITOR_TAB_LIMIT" value="18" />
    <option name="FULL_PATHS_IN_TITLE_BAR" value="true" />
    <option name="MARK_MODIFIED_TABS_WITH_ASTERISK" value="true" />
    <option name="OPEN_IN_PREVIEW_TAB_IF_POSSIBLE" value="true" />
    <option name="OPEN_TABS_AT_THE_END" value="true" />
    <option name="OVERRIDE_NONIDEA_LAF_FONTS" value="true" />
    <option name="SCROLL_TAB_LAYOUT_IN_EDITOR" value="false" />
    <option name="SHOW_ICONS_IN_MENUS" value="false" />
    <option name="SHOW_MAIN_TOOLBAR" value="true" />
    <option name="showTreeIndentGuides" value="true" />
    <option name="CONTRAST_SCROLLBARS" value="true" />
  </component>
</application>